id,execution_date,ds,yhat,yhat_lower,yhat_upper,model_version,created_at
00c812d7-8501-44f2-bb50-1bd5fa27920d,2026-02-16,2025-11-19,0,0,26,prophet-v1.0,2026-02-16 07:10:13.100849+00
0209b570-e206-4515-8512-5fb2936d2b92,2026-02-16,2025-02-18,0,0,0,prophet-v1.0,2026-02-16 07:10:13.100849+00
02afb8e3-6f8f-4700-846b-e261bc15d549,2026-02-16,2025-06-14,0,0,0,prophet-v1.0,2026-02-16 07:10:13.100849+00
034c59cc-01ce-4fb2-9133-0b93df7df176,2026-02-16,2025-11-08,0,0,8,prophet-v1.0,2026-02-16 07:10:13.100849+00
04ae9aaf-c420-4207-9e64-261248499bc2,2026-02-16,2025-05-17,0,0,0,prophet-v1.0,2026-02-16 07:10:13.100849+00
04c704a1-ea9b-47af-9d15-ee7446dd2e78,2026-02-16,2025-05-23,0,0,0,prophet-v1.0,2026-02-16 07:10:13.100849+00
05da58d4-5ad3-4094-82f4-4ad0ef9503ae,2026-02-16,2025-10-09,0,0,0,prophet-v1.0,2026-02-16 07:10:13.100849+00
05ebbb78-8e5e-45fb-80fa-265d79e248b1,2026-02-16,2025-06-11,0,0,0,prophet-v1.0,2026-02-16 07:10:13.100849+00
06779586-df0e-4c6d-bca1-906080e646ed,2026-02-16,2025-03-15,0,0,2,prophet-v1.0,2026-02-16 07:10:13.100849+00
08268b4a-6b45-441d-8b64-a1970a6b6c0f,2026-02-16,2025-06-24,0,0,0,prophet-v1.0,2026-02-16 07:10:13.100849+00
08b56c20-20a1-4eec-8df9-9eac9e4b3d64,2026-02-16,2025-02-03,0,0,6,prophet-v1.0,2026-02-16 07:10:13.100849+00
0909555d-a1fb-4e73-90ae-2edf83805574,2026-02-16,2025-05-01,0,0,24,prophet-v1.0,2026-02-16 07:10:13.100849+00
0979b4bd-e824-4ae6-9759-20f3d03a900e,2026-02-16,2025-04-01,0,0,0,prophet-v1.0,2026-02-16 07:10:13.100849+00
09adb50e-5ed5-475f-8e2b-694ce04bd3cb,2026-02-16,2025-08-09,0,0,0,prophet-v1.0,2026-02-16 07:10:13.100849+00
0b5c2947-9701-494b-82d3-d1a9688f1fbf,2026-02-16,2025-10-14,0,0,0,prophet-v1.0,2026-02-16 07:10:13.100849+00
0bbe04db-c044-4bae-9457-e4024256c2fb,2026-02-16,2025-09-04,0,0,19,prophet-v1.0,2026-02-16 07:10:13.100849+00
0bd64be7-2936-45fd-a56a-2daf8d361d61,2026-02-16,2025-02-28,0,0,0,prophet-v1.0,2026-02-16 07:10:13.100849+00
0c42595a-6ef6-4f61-9681-c74fcdc8cb54,2026-02-16,2025-07-04,0,0,0,prophet-v1.0,2026-02-16 07:10:13.100849+00
0cab582e-0146-41ed-a52a-9002eb01303e,2026-02-16,2025-04-20,0,0,0,prophet-v1.0,2026-02-16 07:10:13.100849+00
0d6002b6-1274-474c-8503-07c733bf4ffc,2026-02-16,2025-11-02,0,0,18,prophet-v1.0,2026-02-16 07:10:13.100849+00
0dd622e1-9bac-4775-bf96-10ec82522d4b,2026-02-16,2025-09-14,0,0,9,prophet-v1.0,2026-02-16 07:10:13.100849+00
0e054b0a-f25d-4df3-bdba-6acb56edd084,2026-02-16,2025-12-02,0,0,0,prophet-v1.0,2026-02-16 07:10:13.100849+00
0f33ceac-dec1-42a3-a0a2-41a075a500e3,2026-02-16,2025-01-11,0,0,0,prophet-v1.0,2026-02-16 07:10:13.100849+00
10816aa5-4520-430a-b0e9-600d9cae26a7,2026-02-16,2025-01-23,0,0,0,prophet-v1.0,2026-02-16 07:10:13.100849+00
1160fe72-1bd9-4bdc-98d0-970526edd1c1,2026-02-16,2025-07-28,0,0,0,prophet-v1.0,2026-02-16 07:10:13.100849+00
116920fc-bf12-4893-baf0-9cffbf1ac77b,2026-02-16,2025-02-20,0,0,0,prophet-v1.0,2026-02-16 07:10:13.100849+00
11ab45d3-a80b-44b7-8cfb-4c01c237aaf2,2026-02-16,2025-08-18,0,0,0,prophet-v1.0,2026-02-16 07:10:13.100849+00
12779fcd-2d16-43dd-a42e-27e7c7796058,2026-02-16,2025-03-21,0,0,5,prophet-v1.0,2026-02-16 07:10:13.100849+00
127cb25e-10f9-434a-9799-c9706dfa69fb,2026-02-16,2025-01-19,0,0,0,prophet-v1.0,2026-02-16 07:10:13.100849+00
15da47f7-9781-4b8c-ba79-9ea820cfd7dc,2026-02-16,2025-07-27,0,0,0,prophet-v1.0,2026-02-16 07:10:13.100849+00
170290ae-eff4-426a-9adc-ae7448d7723c,2026-02-16,2025-12-19,0,0,45,prophet-v1.0,2026-02-16 07:10:13.100849+00
175335c3-468d-4735-981f-0146559baa7e,2026-02-16,2025-01-13,0,0,0,prophet-v1.0,2026-02-16 07:10:13.100849+00
18502451-359a-4a6a-bb44-1b95a160413c,2026-02-16,2025-10-16,0,0,3,prophet-v1.0,2026-02-16 07:10:13.100849+00
18d8c38d-199a-48dc-b7fb-0853e87707ad,2026-02-16,2025-10-31,0,0,11,prophet-v1.0,2026-02-16 07:10:13.100849+00
19645cb7-1182-462e-928c-8792c80816ec,2026-02-16,2025-07-07,0,0,0,prophet-v1.0,2026-02-16 07:10:13.100849+00
19963f0c-250d-4022-b594-1ff28425aa43,2026-02-16,2025-05-22,0,0,0,prophet-v1.0,2026-02-16 07:10:13.100849+00
1a79dd39-41d8-4d46-af0a-845c8d4fc06f,2026-02-16,2025-12-13,0,0,27,prophet-v1.0,2026-02-16 07:10:13.100849+00
1c85231a-6fa5-461f-96dd-aa0515d1f4a6,2026-02-16,2025-08-14,0,0,0,prophet-v1.0,2026-02-16 07:10:13.100849+00
1d2fd4f3-8135-403e-8ecb-ee8f498a97ea,2026-02-16,2025-05-08,0,0,36,prophet-v1.0,2026-02-16 07:10:13.100849+00
1d7bb3df-8a9a-4870-b619-2ef0dff897cb,2026-02-16,2025-10-13,0,0,7,prophet-v1.0,2026-02-16 07:10:13.100849+00
1dbb70ba-13f3-467a-9f62-53a93d46c397,2026-02-16,2025-01-18,0,0,0,prophet-v1.0,2026-02-16 07:10:13.100849+00
1e27a03e-a41f-4819-b41f-8f92c09514e8,2026-02-16,2025-03-07,0,0,1,prophet-v1.0,2026-02-16 07:10:13.100849+00
1ec0e88d-2814-41ad-a44a-4ca806b9c933,2026-02-16,2025-08-27,0,0,30,prophet-v1.0,2026-02-16 07:10:13.100849+00
1f1ab0b1-79f9-4ee1-932e-715a66d32134,2026-02-16,2025-10-05,0,0,0,prophet-v1.0,2026-02-16 07:10:13.100849+00
1ff3602a-bc17-4071-9a14-3ed9a441b4c6,2026-02-16,2025-01-15,0,0,22,prophet-v1.0,2026-02-16 07:10:13.100849+00
20c89cdd-b39a-499e-8e4d-b0aa5b0b6153,2026-02-16,2025-07-22,0,0,0,prophet-v1.0,2026-02-16 07:10:13.100849+00
22f0d617-9482-48b9-9c7e-58b10a8839fc,2026-02-16,2025-05-31,0,0,0,prophet-v1.0,2026-02-16 07:10:13.100849+00
2404e307-0f47-4bd8-ab2b-67f81adb6b9f,2026-02-16,2025-11-20,0,0,0,prophet-v1.0,2026-02-16 07:10:13.100849+00
24536988-65d5-4761-ae3f-15680a7f2d74,2026-02-16,2025-09-01,0,0,6,prophet-v1.0,2026-02-16 07:10:13.100849+00
24c77a74-8d01-431d-976b-6728e07c9bd5,2026-02-16,2025-03-11,0,0,0,prophet-v1.0,2026-02-16 07:10:13.100849+00
24d268c0-156a-4fbf-9f86-2e9de27f57d9,2026-02-16,2025-06-30,0,0,0,prophet-v1.0,2026-02-16 07:10:13.100849+00
254fdcb1-6836-4eab-9b6f-9498ed25111d,2026-02-16,2025-02-26,0,0,24,prophet-v1.0,2026-02-16 07:10:13.100849+00
256f231b-49aa-4ba8-a087-ab57c9373402,2026-02-16,2025-06-25,0,0,18,prophet-v1.0,2026-02-16 07:10:13.100849+00
265046e4-db83-4191-8347-9c5c4ec714d5,2026-02-16,2025-06-04,0,0,0,prophet-v1.0,2026-02-16 07:10:13.100849+00
268ec7db-b20b-494c-926d-1c6504abbc18,2026-02-16,2025-02-13,0,0,0,prophet-v1.0,2026-02-16 07:10:13.100849+00
26e3ca79-878b-4e1a-890d-9cb7a5ab5408,2026-02-16,2025-08-25,0,0,0,prophet-v1.0,2026-02-16 07:10:13.100849+00
27d19834-7e56-4a4e-9086-517a7707489c,2026-02-16,2025-09-09,0,0,0,prophet-v1.0,2026-02-16 07:10:13.100849+00
2873bc7f-1d49-4a0c-8c83-0034420ab36b,2026-02-16,2025-10-18,0,0,0,prophet-v1.0,2026-02-16 07:10:13.100849+00
28eea290-5e31-497c-a6a4-e09f40d6e041,2026-02-16,2025-03-24,0,0,1,prophet-v1.0,2026-02-16 07:10:13.100849+00
291d7fe3-3be7-438d-9d49-b6adf1138c3d,2026-02-16,2025-10-04,0,0,0,prophet-v1.0,2026-02-16 07:10:13.100849+00
294b9b41-e265-4b04-91b9-9858e5ae5d5b,2026-02-16,2025-04-25,0,0,1,prophet-v1.0,2026-02-16 07:10:13.100849+00
29eb3d94-2e8e-4ef1-8478-b7f24547fd85,2026-02-16,2025-10-12,0,0,0,prophet-v1.0,2026-02-16 07:10:13.100849+00
2a879ba3-1d10-4b01-ab6f-6312f681fedc,2026-02-16,2025-01-09,0,0,23,prophet-v1.0,2026-02-16 07:10:13.100849+00
2bba0daf-bb6c-4951-b829-b64ee2b00a7c,2026-02-16,2025-07-06,0,0,0,prophet-v1.0,2026-02-16 07:10:13.100849+00
2bc5f6b4-59bb-4a6e-849a-37b7188bbe7f,2026-02-16,2025-10-02,0,0,5,prophet-v1.0,2026-02-16 07:10:13.100849+00
2c34f41b-76e0-4456-9b39-ff95eefc94e5,2026-02-16,2025-06-22,0,0,0,prophet-v1.0,2026-02-16 07:10:13.100849+00
2c4bc784-6f77-4d42-8754-669a97ff524f,2026-02-16,2025-08-22,0,0,0,prophet-v1.0,2026-02-16 07:10:13.100849+00
2c92c444-8bf8-41c1-96d1-b89a63711c62,2026-02-16,2025-02-27,0,0,0,prophet-v1.0,2026-02-16 07:10:13.100849+00
2e99d2e5-4f2b-44c2-9c69-ab07f715a3b1,2026-02-16,2025-08-24,0,0,0,prophet-v1.0,2026-02-16 07:10:13.100849+00
2f41aee5-3fec-4202-bdc9-5eb144cb449f,2026-02-16,2025-04-02,0,0,22,prophet-v1.0,2026-02-16 07:10:13.100849+00
2fded5b5-2576-4bb4-ad89-954d312d3c49,2026-02-16,2025-07-10,0,0,0,prophet-v1.0,2026-02-16 07:10:13.100849+00
30c28c48-9691-4a16-8faf-1c91ca66a9f6,2026-02-16,2025-04-08,0,0,0,prophet-v1.0,2026-02-16 07:10:13.100849+00
31ff6c5c-6955-434f-826b-67e54557e99d,2026-02-16,2025-07-24,0,0,0,prophet-v1.0,2026-02-16 07:10:13.100849+00
32aa24c1-d7e2-4c57-8e54-8d45f4d7ffa0,2026-02-16,2025-04-14,0,0,0,prophet-v1.0,2026-02-16 07:10:13.100849+00
371846cc-da2e-4754-80af-0fa8cb1f4828,2026-02-16,2025-08-02,0,0,0,prophet-v1.0,2026-02-16 07:10:13.100849+00
383cb578-a4b8-49cc-81f7-01a214de88f3,2026-02-16,2025-10-21,0,0,0,prophet-v1.0,2026-02-16 07:10:13.100849+00
386c63c2-89b5-4102-9574-8ad5fcae77e9,2026-02-16,2025-05-15,0,0,14,prophet-v1.0,2026-02-16 07:10:13.100849+00
387c76f2-bb74-4a6e-9548-eb2127999fe7,2026-02-16,2025-11-13,0,0,9,prophet-v1.0,2026-02-16 07:10:13.100849+00
39d2648f-5032-41e4-82f2-008dec8d1829,2026-02-16,2025-05-24,0,0,0,prophet-v1.0,2026-02-16 07:10:13.100849+00
39f0fb13-e00c-42fd-a1d9-8d5de07511b5,2026-02-16,2025-03-14,0,0,13,prophet-v1.0,2026-02-16 07:10:13.100849+00
3ad0bbec-e305-47bf-8634-f4d41aef508a,2026-02-16,2025-06-13,0,0,0,prophet-v1.0,2026-02-16 07:10:13.100849+00
3baa3892-121a-44a3-9a15-dd1e96d502fc,2026-02-16,2025-09-22,0,0,7,prophet-v1.0,2026-02-16 07:10:13.100849+00
3bb4e7b7-4eb0-4c36-9904-ecd6f9d6b81e,2026-02-16,2025-08-17,0,0,0,prophet-v1.0,2026-02-16 07:10:13.100849+00
3c3094ca-8df9-488a-8175-b4b57479ed1e,2026-02-16,2025-06-08,0,0,0,prophet-v1.0,2026-02-16 07:10:13.100849+00
3d7f1838-49ef-4bd8-89a6-bf6ebfe7f193,2026-02-16,2025-03-09,0,0,0,prophet-v1.0,2026-02-16 07:10:13.100849+00
3d935f52-f175-4ffb-a0fc-d3b2ed78fc35,2026-02-16,2025-12-26,0,0,10,prophet-v1.0,2026-02-16 07:10:13.100849+00
3e89d4a0-5b90-42ac-9682-4103403f462b,2026-02-16,2025-03-13,0,0,14,prophet-v1.0,2026-02-16 07:10:13.100849+00
3fd21660-9531-4542-b9a4-25b81d262a69,2026-02-16,2025-12-16,0,0,27,prophet-v1.0,2026-02-16 07:10:13.100849+00
3fd46a71-f9a5-4df6-a71d-adec3e4ec14c,2026-02-16,2025-12-14,0,0,46,prophet-v1.0,2026-02-16 07:10:13.100849+00
405de090-c08a-4b4c-9e22-310552a853b0,2026-02-16,2025-07-26,0,0,0,prophet-v1.0,2026-02-16 07:10:13.100849+00
40e32718-0578-43b5-9960-2f7b096eb7ed,2026-02-16,2025-07-02,0,0,22,prophet-v1.0,2026-02-16 07:10:13.100849+00
4228aaf2-e02a-494f-aee5-7bc9342dfe7c,2026-02-16,2025-12-01,0,0,0,prophet-v1.0,2026-02-16 07:10:13.100849+00
4398caf7-5b47-4d7d-9fa6-53aa18d844e1,2026-02-16,2025-04-26,0,0,0,prophet-v1.0,2026-02-16 07:10:13.100849+00
46540eaf-a9c4-458a-b327-a152dce4b211,2026-02-16,2025-05-10,0,0,12,prophet-v1.0,2026-02-16 07:10:13.100849+00
48bb7382-04ae-417d-b257-cebdd6bcba46,2026-02-16,2025-02-21,0,0,0,prophet-v1.0,2026-02-16 07:10:13.100849+00
48e58765-a417-4963-8f28-3748c1e95a96,2026-02-16,2025-03-26,0,0,30,prophet-v1.0,2026-02-16 07:10:13.100849+00
497e6eef-c712-44b4-a97d-eb2d630ac0f7,2026-02-16,2025-02-06,0,0,11,prophet-v1.0,2026-02-16 07:10:13.100849+00
49c275f1-7388-47a8-95fb-4a3cfa1bf469,2026-02-16,2025-11-21,0,0,0,prophet-v1.0,2026-02-16 07:10:13.100849+00
49e15d6d-b5a8-4b0f-ad58-5e6ce828d4a9,2026-02-16,2025-05-20,0,0,0,prophet-v1.0,2026-02-16 07:10:13.100849+00
4a2f3e04-3832-4310-9c89-d5aab7209318,2026-02-16,2025-12-25,0,0,28,prophet-v1.0,2026-02-16 07:10:13.100849+00
4ac9b5c8-d2cb-416a-9929-125a2299edba,2026-02-16,2025-01-14,0,0,0,prophet-v1.0,2026-02-16 07:10:13.100849+00
4b36bba6-f53d-4383-8ccb-455d8c98c343,2026-02-16,2025-01-27,0,0,0,prophet-v1.0,2026-02-16 07:10:13.100849+00
4b94e369-9340-45d7-b957-f999668afb43,2026-02-16,2025-06-18,0,0,4,prophet-v1.0,2026-02-16 07:10:13.100849+00
4bbf82f3-d223-402d-beed-296f431d46ad,2026-02-16,2025-04-21,0,0,0,prophet-v1.0,2026-02-16 07:10:13.100849+00
4c7488b7-f500-4e6f-b84e-aa9fdcb32630,2026-02-16,2025-10-17,0,0,0,prophet-v1.0,2026-02-16 07:10:13.100849+00
4d73c134-1da2-4cb4-b72f-81554150ee33,2026-02-16,2025-02-14,0,0,0,prophet-v1.0,2026-02-16 07:10:13.100849+00
4ea72a9d-29ee-4575-9dc7-9a5fc55f96ef,2026-02-16,2025-11-04,0,0,0,prophet-v1.0,2026-02-16 07:10:13.100849+00
4f0a80ae-9f0b-4700-974b-39f7402c303b,2026-02-16,2025-07-12,0,0,0,prophet-v1.0,2026-02-16 07:10:13.100849+00
4f1d13a3-70b6-4678-95d2-1cf03da1f385,2026-02-16,2025-06-21,0,0,0,prophet-v1.0,2026-02-16 07:10:13.100849+00
5097c669-c889-46bd-b1c7-c79cd4af5d4d,2026-02-16,2025-07-14,0,0,0,prophet-v1.0,2026-02-16 07:10:13.100849+00
5119b82b-0a92-4e70-a9ba-909e81779c59,2026-02-16,2025-01-26,0,0,0,prophet-v1.0,2026-02-16 07:10:13.100849+00
51d2865a-684a-4f96-9222-7b19e90832c5,2026-02-16,2025-08-11,0,0,0,prophet-v1.0,2026-02-16 07:10:13.100849+00
51e8d80e-2bb2-49bc-a46a-e128d0e8bc56,2026-02-16,2025-02-04,0,0,0,prophet-v1.0,2026-02-16 07:10:13.100849+00
53a961a1-4dc0-41be-9c8b-d35005346d3e,2026-02-16,2025-08-31,0,0,0,prophet-v1.0,2026-02-16 07:10:13.100849+00
53e49359-3d9e-4fa5-8b55-d9186a970ef3,2026-02-16,2025-04-06,0,0,0,prophet-v1.0,2026-02-16 07:10:13.100849+00
54d0acce-14f9-421b-984f-b0b889a508d8,2026-02-16,2025-01-16,0,0,0,prophet-v1.0,2026-02-16 07:10:13.100849+00
563c7022-71fb-48ba-b5c5-871f6ec9fd82,2026-02-16,2025-12-15,0,0,50,prophet-v1.0,2026-02-16 07:10:13.100849+00
564a5b0a-26e8-4364-806e-81ff6892a6f7,2026-02-16,2025-09-30,0,0,0,prophet-v1.0,2026-02-16 07:10:13.100849+00
56cee021-e4fc-4477-8a11-d74e6b08c6f9,2026-02-16,2025-03-29,0,0,0,prophet-v1.0,2026-02-16 07:10:13.100849+00
573c6e5a-cdef-415b-bafe-ff5be9d050ba,2026-02-16,2025-02-11,0,0,0,prophet-v1.0,2026-02-16 07:10:13.100849+00
57810baf-c100-4dd0-9fce-57529b5cdc58,2026-02-16,2025-03-08,0,0,0,prophet-v1.0,2026-02-16 07:10:13.100849+00
57de431d-f5d0-49d0-926b-af1e6492c2ce,2026-02-16,2025-05-18,0,0,4,prophet-v1.0,2026-02-16 07:10:13.100849+00
595ec9a7-d555-4d26-bdb8-0b270341f465,2026-02-16,2025-09-08,0,0,16,prophet-v1.0,2026-02-16 07:10:13.100849+00
596639c4-58a9-460c-8eb5-1f5e0db26e58,2026-02-16,2025-08-03,0,0,0,prophet-v1.0,2026-02-16 07:10:13.100849+00
5afa9b1c-f9e7-4317-bd1a-fce9b9d0bf28,2026-02-16,2025-05-11,0,0,29,prophet-v1.0,2026-02-16 07:10:13.100849+00
5db2929f-680d-4a92-8924-d722677eef7f,2026-02-16,2025-06-23,0,0,0,prophet-v1.0,2026-02-16 07:10:13.100849+00
5db48d96-d668-41e0-86a8-2326860ca22d,2026-02-16,2025-07-23,0,0,1,prophet-v1.0,2026-02-16 07:10:13.100849+00
5eaf5f13-11c4-4882-a09b-f9022a07211d,2026-02-16,2025-08-29,0,0,0,prophet-v1.0,2026-02-16 07:10:13.100849+00
5f02d4a5-6887-4f55-abf9-8cc0911e6f45,2026-02-16,2025-09-06,0,0,0,prophet-v1.0,2026-02-16 07:10:13.100849+00
5fecc12b-7c84-411d-b093-7024e49167ea,2026-02-16,2025-09-21,0,0,0,prophet-v1.0,2026-02-16 07:10:13.100849+00
5ff9c338-6486-438d-aec1-71795c02febf,2026-02-16,2025-07-08,0,0,0,prophet-v1.0,2026-02-16 07:10:13.100849+00
610cca39-aac6-41bb-9605-35a05e708987,2026-02-16,2025-03-02,0,0,0,prophet-v1.0,2026-02-16 07:10:13.100849+00
61b85626-5f63-44cb-8a02-db54ffb39d81,2026-02-16,2025-03-03,0,0,0,prophet-v1.0,2026-02-16 07:10:13.100849+00
63161c20-c423-4b08-8ef4-34ec10b59880,2026-02-16,2025-08-08,0,0,0,prophet-v1.0,2026-02-16 07:10:13.100849+00
632a0ce4-3355-4543-925c-cbf435666861,2026-02-16,2025-11-16,0,0,0,prophet-v1.0,2026-02-16 07:10:13.100849+00
633d90e4-eacb-4d44-80ae-032bc8187b4b,2026-02-16,2025-09-16,0,0,0,prophet-v1.0,2026-02-16 07:10:13.100849+00
63e5e5df-254d-4217-836d-025579f269c7,2026-02-16,2025-02-23,0,0,0,prophet-v1.0,2026-02-16 07:10:13.100849+00
654a019f-669f-42c2-afdf-84de23d54cab,2026-02-16,2025-01-21,0,0,0,prophet-v1.0,2026-02-16 07:10:13.100849+00
65556eec-a2ab-4dd9-add9-0091e77eae6b,2026-02-16,2025-09-24,0,0,37,prophet-v1.0,2026-02-16 07:10:13.100849+00
65b9829c-03a5-411d-91ea-0bae4657d45b,2026-02-16,2025-11-14,0,0,0,prophet-v1.0,2026-02-16 07:10:13.100849+00
66437417-4966-446e-92aa-582e5932a8fd,2026-02-16,2025-08-04,0,0,0,prophet-v1.0,2026-02-16 07:10:13.100849+00
67a45d83-ef52-4fa7-abe5-c21ab5913be2,2026-02-16,2025-01-17,0,0,0,prophet-v1.0,2026-02-16 07:10:13.100849+00
67e39ee7-9c8a-416a-a899-b9e99e18c4cf,2026-02-16,2025-03-10,0,0,12,prophet-v1.0,2026-02-16 07:10:13.100849+00
69487a08-06ea-4165-bf85-93039f8f757e,2026-02-16,2025-09-05,0,0,6,prophet-v1.0,2026-02-16 07:10:13.100849+00
6961f3a8-13b6-45b1-b51b-fe9cae791f84,2026-02-16,2025-12-10,1,0,59,prophet-v1.0,2026-02-16 07:10:13.100849+00
6b494514-c206-4efe-bde1-706d5822b38a,2026-02-16,2025-10-27,0,0,9,prophet-v1.0,2026-02-16 07:10:13.100849+00
6b60feb3-581a-4acb-832d-3f2bae82b365,2026-02-16,2025-05-25,0,0,0,prophet-v1.0,2026-02-16 07:10:13.100849+00
6c8d7d58-afb3-47dc-952e-2d96c829043c,2026-02-16,2025-03-18,0,0,0,prophet-v1.0,2026-02-16 07:10:13.100849+00
6c9995b4-971d-4b0c-b48d-1cfb32c69436,2026-02-16,2025-12-18,0,0,57,prophet-v1.0,2026-02-16 07:10:13.100849+00
6e5bda66-b807-4743-96af-f4e60a0d2d13,2026-02-16,2025-04-12,0,0,0,prophet-v1.0,2026-02-16 07:10:13.100849+00
6e61bef2-569b-476e-bac7-19ac9d8a3879,2026-02-16,2025-03-25,0,0,0,prophet-v1.0,2026-02-16 07:10:13.100849+00
6ec08e99-a4ad-4a1d-a9c5-0fbf2725111f,2026-02-16,2025-11-10,0,0,18,prophet-v1.0,2026-02-16 07:10:13.100849+00
70d0035b-b526-4e3c-a5e8-ac007704d473,2026-02-16,2025-08-15,0,0,0,prophet-v1.0,2026-02-16 07:10:13.100849+00
70f1eadb-4b5d-4c2f-b4d6-0c7760fb5c54,2026-02-16,2025-06-17,0,0,0,prophet-v1.0,2026-02-16 07:10:13.100849+00
71a2f33a-345a-4f4f-98f4-dccdb3118605,2026-02-16,2025-01-01,95,35,157,prophet-v1.0,2026-02-16 07:10:13.100849+00
7225c6ed-c22f-406e-9020-0259b08f2d2d,2026-02-16,2025-05-26,0,0,0,prophet-v1.0,2026-02-16 07:10:13.100849+00
723baf88-738c-4a6d-8de5-8930a069563f,2026-02-16,2025-07-16,0,0,9,prophet-v1.0,2026-02-16 07:10:13.100849+00
72a3eeee-c499-40db-a60d-83554933b555,2026-02-16,2025-10-22,0,0,42,prophet-v1.0,2026-02-16 07:10:13.100849+00
73db57b1-ce3c-4c5b-bf42-675e7feec22c,2026-02-16,2025-01-28,0,0,0,prophet-v1.0,2026-02-16 07:10:13.100849+00
755c6c0c-55a0-47cd-9a29-2b9acf93df5b,2026-02-16,2025-11-18,0,0,0,prophet-v1.0,2026-02-16 07:10:13.100849+00
772594f1-b600-403a-ae48-e02622e1f1ce,2026-02-16,2025-02-09,0,0,0,prophet-v1.0,2026-02-16 07:10:13.100849+00
77e45f92-b598-46fb-b00c-3fea1b373995,2026-02-16,2025-05-07,8,0,66,prophet-v1.0,2026-02-16 07:10:13.100849+00
78536def-8f4e-49eb-9671-fe55deae6c74,2026-02-16,2025-11-11,0,0,0,prophet-v1.0,2026-02-16 07:10:13.100849+00
7859a440-1504-4a66-897d-45d237f734f5,2026-02-16,2025-06-15,0,0,0,prophet-v1.0,2026-02-16 07:10:13.100849+00
7a4b62d8-f8d2-4758-882f-6abe706da505,2026-02-16,2025-04-03,0,0,0,prophet-v1.0,2026-02-16 07:10:13.100849+00
7a4fd71d-0559-425f-ac0f-e3639e255caa,2026-02-16,2025-05-02,0,0,19,prophet-v1.0,2026-02-16 07:10:13.100849+00
7b9d01b2-6835-4f24-b5f8-0e3d5d3a4353,2026-02-16,2025-06-02,0,0,0,prophet-v1.0,2026-02-16 07:10:13.100849+00
7d1d5d96-d193-40cc-9472-fcc5b5fad2c8,2026-02-16,2025-03-17,0,0,18,prophet-v1.0,2026-02-16 07:10:13.100849+00
7dbe74df-96de-4708-987e-a8368b332f1d,2026-02-16,2025-03-19,0,0,47,prophet-v1.0,2026-02-16 07:10:13.100849+00
7fa75aed-61c3-4b2f-9995-cc76c06e9b44,2026-02-16,2025-02-19,0,0,15,prophet-v1.0,2026-02-16 07:10:13.100849+00
802d12ff-bd55-40f0-a144-c15e78c6737f,2026-02-16,2025-03-20,0,0,12,prophet-v1.0,2026-02-16 07:10:13.100849+00
80e5b17e-e13c-4d80-be13-dba509df1b06,2026-02-16,2025-01-04,7,0,68,prophet-v1.0,2026-02-16 07:10:13.100849+00
813542df-b1cf-4e93-bfd6-3ac5864723fd,2026-02-16,2025-08-07,0,0,0,prophet-v1.0,2026-02-16 07:10:13.100849+00
82035a4d-55d0-45d2-9ac6-812fae5db304,2026-02-16,2025-11-29,0,0,0,prophet-v1.0,2026-02-16 07:10:13.100849+00
82930f13-7804-492b-936b-8ed73f22dabb,2026-02-16,2025-04-11,0,0,0,prophet-v1.0,2026-02-16 07:10:13.100849+00
83520fc8-c19f-4c4e-a949-12fc3556d3b4,2026-02-16,2025-06-28,0,0,0,prophet-v1.0,2026-02-16 07:10:13.100849+00
83c0be8c-0754-4d39-9cdc-191240b48306,2026-02-16,2025-06-10,0,0,0,prophet-v1.0,2026-02-16 07:10:13.100849+00
83d5f9ca-3457-4454-9039-56241ce59f4d,2026-02-16,2025-02-02,0,0,2,prophet-v1.0,2026-02-16 07:10:13.100849+00
84c02c88-c2ad-45bc-8232-fc43bde3ee1e,2026-02-16,2025-05-19,0,0,0,prophet-v1.0,2026-02-16 07:10:13.100849+00
85f0e249-7c71-41d0-9f2e-0057cef66600,2026-02-16,2025-11-22,0,0,0,prophet-v1.0,2026-02-16 07:10:13.100849+00
860a5e73-b2e4-4198-93d9-22c91c618d1e,2026-02-16,2025-03-28,0,0,0,prophet-v1.0,2026-02-16 07:10:13.100849+00
8700a186-5264-42b9-88f4-5a5677aa19fa,2026-02-16,2025-10-25,0,0,0,prophet-v1.0,2026-02-16 07:10:13.100849+00
884d6982-acc0-4128-a9b3-fe8471a2e087,2026-02-16,2025-02-17,0,0,0,prophet-v1.0,2026-02-16 07:10:13.100849+00
8a774112-7814-43fc-9c8b-44e8bb28e3e5,2026-02-16,2025-07-03,0,0,0,prophet-v1.0,2026-02-16 07:10:13.100849+00
8b13900f-55eb-4214-8f72-651cf28a56d2,2026-02-16,2025-11-07,0,0,16,prophet-v1.0,2026-02-16 07:10:13.100849+00
8b494f34-d50c-4c5c-be98-36391d8e85ea,2026-02-16,2025-02-12,0,0,26,prophet-v1.0,2026-02-16 07:10:13.100849+00
8ba5293b-bd96-44c6-acdd-df7fbf34e860,2026-02-16,2025-01-06,0,0,46,prophet-v1.0,2026-02-16 07:10:13.100849+00
8f097e76-1d61-46e6-8571-da658a88ed71,2026-02-16,2025-09-07,0,0,5,prophet-v1.0,2026-02-16 07:10:13.100849+00
8f7bc0f8-d8cd-4653-92e9-adff07343379,2026-02-16,2025-04-05,0,0,0,prophet-v1.0,2026-02-16 07:10:13.100849+00
8fdc35d2-c166-4f74-a7e9-a3bf5f788a42,2026-02-16,2025-03-23,0,0,0,prophet-v1.0,2026-02-16 07:10:13.100849+00
90283594-01e8-438e-b8f9-51f8f3a57cf5,2026-02-16,2025-02-01,0,0,0,prophet-v1.0,2026-02-16 07:10:13.100849+00
904e356f-7a49-4ecd-951c-101955fdccc4,2026-02-16,2025-01-22,0,0,19,prophet-v1.0,2026-02-16 07:10:13.100849+00
90e2a5f5-6885-49ef-ba20-5e09fe033207,2026-02-16,2025-08-26,0,0,0,prophet-v1.0,2026-02-16 07:10:13.100849+00
91d50b3e-40f1-4121-8c66-bd957b9abc03,2026-02-16,2025-01-29,0,0,41,prophet-v1.0,2026-02-16 07:10:13.100849+00
9273bc84-46a3-48ec-887c-1ff3266c1c95,2026-02-16,2025-09-10,0,0,46,prophet-v1.0,2026-02-16 07:10:13.100849+00
939465bc-907a-448a-aadc-01171bd6a391,2026-02-16,2025-09-27,0,0,0,prophet-v1.0,2026-02-16 07:10:13.100849+00
93e26ba0-6e24-40d0-bd5c-035e802d47b0,2026-02-16,2025-09-12,0,0,3,prophet-v1.0,2026-02-16 07:10:13.100849+00
941f2e40-97a5-45b4-9cce-bff01094baee,2026-02-16,2025-12-21,0,0,43,prophet-v1.0,2026-02-16 07:10:13.100849+00
944a38c4-b7ed-4501-a502-633d0c3b2c25,2026-02-16,2025-01-25,0,0,0,prophet-v1.0,2026-02-16 07:10:13.100849+00
94a6bc68-32bd-4522-9819-7247b2baf720,2026-02-16,2025-01-02,48,0,110,prophet-v1.0,2026-02-16 07:10:13.100849+00
955a09ab-456f-4c29-9c5b-39b323fb31b4,2026-02-16,2025-09-25,0,0,0,prophet-v1.0,2026-02-16 07:10:13.100849+00
96b532d1-81ca-4e6a-b621-9bf0257650f1,2026-02-16,2025-05-06,0,0,11,prophet-v1.0,2026-02-16 07:10:13.100849+00
96ff9b26-95a6-46c5-b5d9-adce8465b226,2026-02-16,2025-11-26,0,0,9,prophet-v1.0,2026-02-16 07:10:13.100849+00
9ac83b4a-7dc8-4563-ab3a-eb5d470931ee,2026-02-16,2025-11-06,0,0,23,prophet-v1.0,2026-02-16 07:10:13.100849+00
9bf15f54-1c5e-40e0-b545-d895ce493c84,2026-02-16,2025-04-13,0,0,0,prophet-v1.0,2026-02-16 07:10:13.100849+00
9dc7f4c3-b59e-4eb8-97d4-0d23bb6215d1,2026-02-16,2025-06-07,0,0,0,prophet-v1.0,2026-02-16 07:10:13.100849+00
9dcd02e0-d664-4e8c-ae42-3961148423b4,2026-02-16,2025-12-17,29,0,86,prophet-v1.0,2026-02-16 07:10:13.100849+00
9e3f316f-0f76-4c65-a9f9-b66e8ec34754,2026-02-16,2025-09-13,0,0,0,prophet-v1.0,2026-02-16 07:10:13.100849+00
9f6a5058-f160-4b5e-883f-4abffa3c3e92,2026-02-16,2025-10-15,0,0,34,prophet-v1.0,2026-02-16 07:10:13.100849+00
9ff15fe6-77c0-4bbb-903c-993584833289,2026-02-16,2025-12-20,0,0,36,prophet-v1.0,2026-02-16 07:10:13.100849+00
9ff3c275-95bd-4694-831d-9ab7fa882343,2026-02-16,2025-02-05,0,0,43,prophet-v1.0,2026-02-16 07:10:13.100849+00
a02ce465-5664-47cb-ac09-e1fbcf0c064d,2026-02-16,2025-10-30,0,0,16,prophet-v1.0,2026-02-16 07:10:13.100849+00
a0397f86-aacd-4bc1-b7ec-c7c27e562a3b,2026-02-16,2025-07-05,0,0,0,prophet-v1.0,2026-02-16 07:10:13.100849+00
a1255420-9fcb-45ec-9311-b22001972808,2026-02-16,2025-07-01,0,0,0,prophet-v1.0,2026-02-16 07:10:13.100849+00
a4a1d2a4-9ea4-491f-abba-72fe38a3efc5,2026-02-16,2025-04-28,0,0,21,prophet-v1.0,2026-02-16 07:10:13.100849+00
a4b25a1f-baa0-4fcc-8cb5-eacc46f8ece2,2026-02-16,2025-06-01,0,0,0,prophet-v1.0,2026-02-16 07:10:13.100849+00
a4ded2a3-b9cf-40e1-8067-75b554918a1c,2026-02-16,2025-08-19,0,0,0,prophet-v1.0,2026-02-16 07:10:13.100849+00
a4ea698d-0647-41b2-9784-8a7457e2cac8,2026-02-16,2025-12-03,0,0,24,prophet-v1.0,2026-02-16 07:10:13.100849+00
a6bf549d-d769-4734-9d34-381ba33d27cc,2026-02-16,2025-05-29,0,0,0,prophet-v1.0,2026-02-16 07:10:13.100849+00
a70c7c30-d813-49f8-b76b-3771b7bf4e53,2026-02-16,2025-06-03,0,0,0,prophet-v1.0,2026-02-16 07:10:13.100849+00
a740b458-e149-4ecd-aace-2a09b8b4f6d7,2026-02-16,2025-04-04,0,0,0,prophet-v1.0,2026-02-16 07:10:13.100849+00
a7d4733e-bc8f-4e0e-8802-5b71fc9018b8,2026-02-16,2025-11-24,0,0,0,prophet-v1.0,2026-02-16 07:10:13.100849+00
a89e3417-e7cc-402f-afdc-f2ff4b37e4cc,2026-02-16,2025-03-27,0,0,0,prophet-v1.0,2026-02-16 07:10:13.100849+00
a9f74d82-bd54-4810-8f4e-56d51c61486d,2026-02-16,2025-11-03,0,0,19,prophet-v1.0,2026-02-16 07:10:13.100849+00
ab44fa8c-ff47-408c-af99-7513d8ea7bc7,2026-02-16,2025-05-04,0,0,26,prophet-v1.0,2026-02-16 07:10:13.100849+00
ab4dfdbd-27d2-4627-a445-3f731f1f20f4,2026-02-16,2025-02-15,0,0,0,prophet-v1.0,2026-02-16 07:10:13.100849+00
ac1773ff-8403-4221-a6d2-e964e91c0a61,2026-02-16,2025-02-22,0,0,0,prophet-v1.0,2026-02-16 07:10:13.100849+00
acddd69b-1449-428d-8c53-ccc808766be4,2026-02-16,2025-01-31,0,0,0,prophet-v1.0,2026-02-16 07:10:13.100849+00
ace27e7a-01fd-432f-be84-a163dbf0d136,2026-02-16,2025-02-25,0,0,0,prophet-v1.0,2026-02-16 07:10:13.100849+00
acf6947d-2ee4-41f9-bd15-b10c620daf0a,2026-02-16,2025-03-22,0,0,0,prophet-v1.0,2026-02-16 07:10:13.100849+00
ae3bec14-f12f-443a-9e83-e8d521472113,2026-02-16,2025-11-09,0,0,12,prophet-v1.0,2026-02-16 07:10:13.100849+00
ae9027d6-abfd-4d5f-a588-a57d34a9ffa3,2026-02-16,2025-01-20,0,0,0,prophet-v1.0,2026-02-16 07:10:13.100849+00
aeee86fc-b43d-4b6f-a4b7-06b478743ab7,2026-02-16,2025-07-13,0,0,0,prophet-v1.0,2026-02-16 07:10:13.100849+00
aefd1b17-82ff-4fa8-9422-ef145ef9edc5,2026-02-16,2025-04-23,0,0,37,prophet-v1.0,2026-02-16 07:10:13.100849+00
af141a10-5911-41e0-a48a-3d5b909dc210,2026-02-16,2025-01-05,3,0,66,prophet-v1.0,2026-02-16 07:10:13.100849+00
afa50ee6-7261-4c69-b8c3-39cada7cd1db,2026-02-16,2025-05-03,0,0,20,prophet-v1.0,2026-02-16 07:10:13.100849+00
afbdd8d5-ee38-40aa-8bdf-5274c3a00a26,2026-02-16,2025-03-30,0,0,0,prophet-v1.0,2026-02-16 07:10:13.100849+00
b015ac19-b229-4fd4-adb9-5156482f27c9,2026-02-16,2025-01-08,9,0,74,prophet-v1.0,2026-02-16 07:10:13.100849+00
b03bc611-c777-42b9-90c0-c81114c97c48,2026-02-16,2025-05-30,0,0,0,prophet-v1.0,2026-02-16 07:10:13.100849+00
b05c98d4-1bf5-4e51-b280-803d77cd3abd,2026-02-16,2025-02-10,0,0,0,prophet-v1.0,2026-02-16 07:10:13.100849+00
b3e47976-3070-4669-9708-4d7b6d99e2d3,2026-02-16,2025-07-19,0,0,0,prophet-v1.0,2026-02-16 07:10:13.100849+00
b446713e-e17c-48be-a1b4-933fc31f5ccf,2026-02-16,2025-11-15,0,0,0,prophet-v1.0,2026-02-16 07:10:13.100849+00
b4cd039c-89d9-47e4-915e-f5998e12e1fa,2026-02-16,2025-05-21,0,0,27,prophet-v1.0,2026-02-16 07:10:13.100849+00
b4fb9c6c-0e9e-429f-897e-d6fa5f244bea,2026-02-16,2025-04-09,0,0,14,prophet-v1.0,2026-02-16 07:10:13.100849+00
b6b78c74-de7d-4355-a83d-5bcdae06ca80,2026-02-16,2025-12-04,0,0,0,prophet-v1.0,2026-02-16 07:10:13.100849+00
b6f4522c-17e7-4a2b-82db-18a0a077c6b0,2026-02-16,2025-07-25,0,0,0,prophet-v1.0,2026-02-16 07:10:13.100849+00
b704dd2c-6e8e-41a0-8480-48149172d167,2026-02-16,2025-03-01,0,0,0,prophet-v1.0,2026-02-16 07:10:13.100849+00
b7912df0-f36a-4b9c-9bfe-3c1e52a98549,2026-02-16,2025-12-11,0,0,34,prophet-v1.0,2026-02-16 07:10:13.100849+00
b811016b-cddc-4330-9818-640fb6c08709,2026-02-16,2025-05-14,0,0,56,prophet-v1.0,2026-02-16 07:10:13.100849+00
b84598b2-cc22-47de-a3d3-f09c23748903,2026-02-16,2025-06-29,0,0,0,prophet-v1.0,2026-02-16 07:10:13.100849+00
b8bf8856-c144-406b-8038-35c61809ad82,2026-02-16,2025-09-20,0,0,0,prophet-v1.0,2026-02-16 07:10:13.100849+00
b935b7ab-235f-4c9e-8a2e-ecb01c9c5d82,2026-02-16,2025-08-21,0,0,0,prophet-v1.0,2026-02-16 07:10:13.100849+00
b9eba419-9a28-4c22-958c-35f9ed833db9,2026-02-16,2025-07-09,0,0,22,prophet-v1.0,2026-02-16 07:10:13.100849+00
bac78e9e-ef26-4fff-b6e4-a73470c347c9,2026-02-16,2025-04-18,0,0,0,prophet-v1.0,2026-02-16 07:10:13.100849+00
bb29e447-3201-4a8a-9d73-d28feaaf3e82,2026-02-16,2025-04-29,0,0,2,prophet-v1.0,2026-02-16 07:10:13.100849+00
bb87ea4d-e614-43ed-a77d-609edf60a5f1,2026-02-16,2025-02-24,0,0,0,prophet-v1.0,2026-02-16 07:10:13.100849+00
bd9bb617-f99b-41f3-83a6-8a5b9fae5dff,2026-02-16,2025-12-24,9,0,66,prophet-v1.0,2026-02-16 07:10:13.100849+00
be24a818-0449-4472-a5bb-ff878ada9a53,2026-02-16,2025-08-01,0,0,0,prophet-v1.0,2026-02-16 07:10:13.100849+00
bf0755ac-d4ef-44de-9647-f14891d00767,2026-02-16,2025-04-30,0,0,65,prophet-v1.0,2026-02-16 07:10:13.100849+00
bfc32dbe-2982-4930-9f48-0dd11ae1154e,2026-02-16,2025-08-23,0,0,0,prophet-v1.0,2026-02-16 07:10:13.100849+00
c054a488-030d-402f-96fd-0066fca645dd,2026-02-16,2025-01-24,0,0,0,prophet-v1.0,2026-02-16 07:10:13.100849+00
c0950d60-ca64-4228-bf35-285dc8f8f02a,2026-02-16,2025-06-12,0,0,0,prophet-v1.0,2026-02-16 07:10:13.100849+00
c0eddf9f-6a1e-4c23-b9c6-8b578b18476d,2026-02-16,2025-10-03,0,0,0,prophet-v1.0,2026-02-16 07:10:13.100849+00
c12b5212-8f03-448a-83f0-8267aa9432aa,2026-02-16,2025-11-25,0,0,0,prophet-v1.0,2026-02-16 07:10:13.100849+00
c1d817b6-d0ba-4b50-84d7-3c82e9f642b9,2026-02-16,2025-11-30,0,0,0,prophet-v1.0,2026-02-16 07:10:13.100849+00
c2b576ad-2f5f-45fe-9d00-12d1b02ede44,2026-02-16,2025-11-01,0,0,0,prophet-v1.0,2026-02-16 07:10:13.100849+00
c2d11556-1f23-436a-a0b0-1f0905fc4bf2,2026-02-16,2025-10-10,0,0,0,prophet-v1.0,2026-02-16 07:10:13.100849+00
c3892510-bf6d-43d1-b9af-e604b779d1ec,2026-02-16,2025-05-28,0,0,0,prophet-v1.0,2026-02-16 07:10:13.100849+00
c4a91a32-088c-4291-adf3-8ec570d7736a,2026-02-16,2025-08-05,0,0,0,prophet-v1.0,2026-02-16 07:10:13.100849+00
c543f3d0-9ace-4adf-a539-89bc0878ed35,2026-02-16,2025-02-07,0,0,1,prophet-v1.0,2026-02-16 07:10:13.100849+00
c55fd391-c501-4a9e-84a6-c6a3a66651af,2026-02-16,2025-12-22,0,0,50,prophet-v1.0,2026-02-16 07:10:13.100849+00
c5bfdcaf-9ce9-4be8-80fe-7bd2dd78cd1c,2026-02-16,2025-10-20,0,0,4,prophet-v1.0,2026-02-16 07:10:13.100849+00
c8070e7f-f374-42e7-a0da-0e0db09f7d67,2026-02-16,2025-04-27,0,0,12,prophet-v1.0,2026-02-16 07:10:13.100849+00
c8b56588-24b6-47b0-b73e-114f8cd06157,2026-02-16,2025-04-24,0,0,12,prophet-v1.0,2026-02-16 07:10:13.100849+00
c8e6bdf8-e871-4e9e-98c1-51ab8b3641e4,2026-02-16,2025-08-10,0,0,0,prophet-v1.0,2026-02-16 07:10:13.100849+00
c94665a3-cceb-4a5c-b036-d14fd2ca007a,2026-02-16,2025-07-17,0,0,0,prophet-v1.0,2026-02-16 07:10:13.100849+00
cbfc3a09-c678-4829-a10d-70bf18f74fab,2026-02-16,2025-10-29,0,0,48,prophet-v1.0,2026-02-16 07:10:13.100849+00
cc184976-e38c-4b3a-af7b-f0bc335abf2b,2026-02-16,2025-05-05,0,0,34,prophet-v1.0,2026-02-16 07:10:13.100849+00
cd8ba510-f780-44b3-bd0e-1b4e30d57a9c,2026-02-16,2025-09-17,0,0,45,prophet-v1.0,2026-02-16 07:10:13.100849+00
cd8f60e6-3e45-474f-95f3-679236a5d073,2026-02-16,2025-09-29,0,0,0,prophet-v1.0,2026-02-16 07:10:13.100849+00
cd9a4965-a72d-4275-895b-58f042e090e4,2026-02-16,2025-10-01,0,0,43,prophet-v1.0,2026-02-16 07:10:13.100849+00
cedff90a-3163-4f9b-9fd1-15776e9b2c9e,2026-02-16,2025-04-22,0,0,0,prophet-v1.0,2026-02-16 07:10:13.100849+00
cf6e4964-386a-4021-89db-fafbdf91f2c0,2026-02-16,2025-11-28,0,0,0,prophet-v1.0,2026-02-16 07:10:13.100849+00
d1c1179c-4413-490a-a5c1-84b081f5f363,2026-02-16,2025-04-10,0,0,0,prophet-v1.0,2026-02-16 07:10:13.100849+00
d1f837df-03ee-46c9-82f1-c89b4f086f6d,2026-02-16,2025-09-15,0,0,7,prophet-v1.0,2026-02-16 07:10:13.100849+00
d1f92728-6180-4a8b-9f97-237e9761254b,2026-02-16,2025-05-12,0,0,23,prophet-v1.0,2026-02-16 07:10:13.100849+00
d21ac680-fce4-4e7d-97b1-e1d8bf14f924,2026-02-16,2025-11-05,0,0,57,prophet-v1.0,2026-02-16 07:10:13.100849+00
d29b109c-2af4-4e4d-8979-d1959a503c0f,2026-02-16,2025-03-04,0,0,0,prophet-v1.0,2026-02-16 07:10:13.100849+00
d32d0602-4eca-47ff-8088-03987bd71107,2026-02-16,2025-05-09,0,0,27,prophet-v1.0,2026-02-16 07:10:13.100849+00
d4c05b6e-58fe-4aa7-9073-115d4f28afc0,2026-02-16,2025-04-07,0,0,0,prophet-v1.0,2026-02-16 07:10:13.100849+00
d4e073d7-a21c-4374-a157-07dff5609f83,2026-02-16,2025-09-26,0,0,0,prophet-v1.0,2026-02-16 07:10:13.100849+00
d589fcf6-f05b-4cd4-95ea-851bd196ff0d,2026-02-16,2025-10-24,0,0,0,prophet-v1.0,2026-02-16 07:10:13.100849+00
d5bcc749-11a6-47fe-aa1c-7a53f879a7b0,2026-02-16,2025-07-21,0,0,0,prophet-v1.0,2026-02-16 07:10:13.100849+00
d6fca1cb-e38b-4901-996b-0cb56fa1be58,2026-02-16,2025-06-09,0,0,0,prophet-v1.0,2026-02-16 07:10:13.100849+00
d7946d01-922a-4416-bda8-bd0f4d313c42,2026-02-16,2025-09-02,0,0,0,prophet-v1.0,2026-02-16 07:10:13.100849+00
d7bddf50-95cd-4632-a24f-26b05d53df4d,2026-02-16,2025-12-08,0,0,17,prophet-v1.0,2026-02-16 07:10:13.100849+00
d84a702f-6264-47f6-8c15-2535a32010ae,2026-02-16,2025-07-11,0,0,0,prophet-v1.0,2026-02-16 07:10:13.100849+00
d91efd27-035c-43c5-8fbc-aa2d98ec73af,2026-02-16,2025-10-07,0,0,0,prophet-v1.0,2026-02-16 07:10:13.100849+00
d94de6d7-73e9-48c5-9aee-c791ddb8ae36,2026-02-16,2025-09-03,0,0,49,prophet-v1.0,2026-02-16 07:10:13.100849+00
d996bda0-1f63-40b9-8ade-3ce0cf887264,2026-02-16,2025-10-28,0,0,0,prophet-v1.0,2026-02-16 07:10:13.100849+00
d9af0e13-eb81-4804-bc41-f2023fc1b158,2026-02-16,2025-07-15,0,0,0,prophet-v1.0,2026-02-16 07:10:13.100849+00
d9c6c4a1-e9bb-47c7-9123-2321dc6fdc82,2026-02-16,2025-04-17,0,0,0,prophet-v1.0,2026-02-16 07:10:13.100849+00
da504395-9df3-449e-95b4-9c9ad22f5ffb,2026-02-16,2025-12-07,0,0,8,prophet-v1.0,2026-02-16 07:10:13.100849+00
da5ed46e-8960-413d-abe2-b1ec32a8d6d1,2026-02-16,2025-08-13,0,0,0,prophet-v1.0,2026-02-16 07:10:13.100849+00
da6c80ea-2b33-4b67-9fb1-938d96ef6138,2026-02-16,2025-07-20,0,0,0,prophet-v1.0,2026-02-16 07:10:13.100849+00
db64961c-665a-4696-a905-5383e81d1251,2026-02-16,2025-02-08,0,0,0,prophet-v1.0,2026-02-16 07:10:13.100849+00
dc7e99cf-d69d-46ac-9220-49561d4f3b85,2026-02-16,2025-09-19,0,0,2,prophet-v1.0,2026-02-16 07:10:13.100849+00
ddbac340-4910-4962-b788-bd4c685c266f,2026-02-16,2025-03-31,0,0,0,prophet-v1.0,2026-02-16 07:10:13.100849+00
de663bca-1b07-4131-8fbc-18776bc6ea3c,2026-02-16,2025-08-20,0,0,8,prophet-v1.0,2026-02-16 07:10:13.100849+00
de89ac01-cedb-4095-a363-66f7272885b0,2026-02-16,2025-03-16,0,0,13,prophet-v1.0,2026-02-16 07:10:13.100849+00
ded24eb4-6f77-4b1c-be1c-8186aa0efa15,2026-02-16,2025-09-23,0,0,0,prophet-v1.0,2026-02-16 07:10:13.100849+00
df1f6632-ec77-41be-ab38-e1013dc0faea,2026-02-16,2025-04-15,0,0,0,prophet-v1.0,2026-02-16 07:10:13.100849+00
e0de47fe-80dc-42e3-870a-c4329248acac,2026-02-16,2025-05-16,0,0,5,prophet-v1.0,2026-02-16 07:10:13.100849+00
e0f68484-1247-4bb7-9353-206c32821b66,2026-02-16,2025-01-03,29,0,88,prophet-v1.0,2026-02-16 07:10:13.100849+00
e11a8dd4-8667-4c56-b122-4868cdbafd38,2026-02-16,2025-12-09,0,0,0,prophet-v1.0,2026-02-16 07:10:13.100849+00
e187b937-718a-4291-83c8-cb2b75f373a7,2026-02-16,2025-11-12,0,0,47,prophet-v1.0,2026-02-16 07:10:13.100849+00
e1e6fe82-9285-4db9-a849-57f1f90eb8d4,2026-02-16,2025-10-11,0,0,0,prophet-v1.0,2026-02-16 07:10:13.100849+00
e2367cba-ffb4-4583-a94b-65de2c3fc389,2026-02-16,2025-10-26,0,0,0,prophet-v1.0,2026-02-16 07:10:13.100849+00
e258cc50-ac64-4aac-b53f-92767a160d11,2026-02-16,2025-11-23,0,0,0,prophet-v1.0,2026-02-16 07:10:13.100849+00
e47f1b66-e314-4005-81a4-a260f5edb1a7,2026-02-16,2025-07-18,0,0,0,prophet-v1.0,2026-02-16 07:10:13.100849+00
e4934e9c-7445-4ed7-a5d5-58c6bd9052c9,2026-02-16,2025-10-06,0,0,1,prophet-v1.0,2026-02-16 07:10:13.100849+00
e49bd7d2-54ab-4ce3-a33b-88a516798f24,2026-02-16,2025-09-11,0,0,13,prophet-v1.0,2026-02-16 07:10:13.100849+00
e54eb557-a851-4241-b793-ab1b1c5d371d,2026-02-16,2025-06-27,0,0,0,prophet-v1.0,2026-02-16 07:10:13.100849+00
e54f8129-e704-4884-af37-b22aed77dbf3,2026-02-16,2025-06-19,0,0,0,prophet-v1.0,2026-02-16 07:10:13.100849+00
e558fa1e-7619-4bfb-8ca9-b40e216735ae,2026-02-16,2025-06-06,0,0,0,prophet-v1.0,2026-02-16 07:10:13.100849+00
e5697317-3dbd-4634-9bca-0b7a6d712bf9,2026-02-16,2025-06-26,0,0,0,prophet-v1.0,2026-02-16 07:10:13.100849+00
e60b13cf-2001-4b61-85c1-1e6457c25fab,2026-02-16,2025-08-16,0,0,0,prophet-v1.0,2026-02-16 07:10:13.100849+00
e8a59551-909a-48c7-a5f8-00bb93fe3475,2026-02-16,2025-02-16,0,0,0,prophet-v1.0,2026-02-16 07:10:13.100849+00
e938f0be-b104-4ae6-a8c8-e743f4bc8510,2026-02-16,2025-03-06,0,0,6,prophet-v1.0,2026-02-16 07:10:13.100849+00
e94b53bb-e658-48e3-a6e7-5b8871d73cd3,2026-02-16,2025-08-30,0,0,0,prophet-v1.0,2026-02-16 07:10:13.100849+00
ea1f5746-2f96-4c01-9350-ee698e806145,2026-02-16,2025-11-27,0,0,0,prophet-v1.0,2026-02-16 07:10:13.100849+00
ea61b22e-6974-45a9-83cd-66897170012d,2026-02-16,2025-01-30,0,0,1,prophet-v1.0,2026-02-16 07:10:13.100849+00
ea6a5366-73d1-4b40-b450-393fe348c7d1,2026-02-16,2025-10-23,0,0,5,prophet-v1.0,2026-02-16 07:10:13.100849+00
eb5b4ac7-ec06-495c-b2b7-a70af361e47d,2026-02-16,2025-12-12,0,0,30,prophet-v1.0,2026-02-16 07:10:13.100849+00
eb868009-d6da-40a5-889e-24473b717ee7,2026-02-16,2025-10-19,0,0,0,prophet-v1.0,2026-02-16 07:10:13.100849+00
ecd29fb4-ecf2-41e6-8832-35303d2c4761,2026-02-16,2025-12-05,0,0,0,prophet-v1.0,2026-02-16 07:10:13.100849+00
ed00bf3e-fbf2-4f7d-9d68-e04515b79aab,2026-02-16,2025-05-13,0,0,2,prophet-v1.0,2026-02-16 07:10:13.100849+00
edf65ff3-7df0-486e-90b0-a4cbf0024c13,2026-02-16,2025-01-12,0,0,0,prophet-v1.0,2026-02-16 07:10:13.100849+00
ef273a2a-9b4e-486e-b06d-74e3f82b6d82,2026-02-16,2025-06-20,0,0,0,prophet-v1.0,2026-02-16 07:10:13.100849+00
ef6f9d59-ff22-4daa-9f29-66f2fa22268b,2026-02-16,2025-07-29,0,0,0,prophet-v1.0,2026-02-16 07:10:13.100849+00
efda15ab-ab44-4d86-84a9-a334178741e5,2026-02-16,2025-04-16,0,0,23,prophet-v1.0,2026-02-16 07:10:13.100849+00
f08c82f4-07df-46f7-85be-567dc2a0f1d0,2026-02-16,2025-10-08,0,0,35,prophet-v1.0,2026-02-16 07:10:13.100849+00
f0c21bd4-2eca-4132-9d0e-982d9becb51f,2026-02-16,2025-11-17,0,0,0,prophet-v1.0,2026-02-16 07:10:13.100849+00
f2514eb5-1bc4-4f23-b5c9-7d92ccd66e0f,2026-02-16,2025-08-28,0,0,0,prophet-v1.0,2026-02-16 07:10:13.100849+00
f2a5ee1a-fdaa-4222-8b4f-6d585b7edd53,2026-02-16,2025-04-19,0,0,0,prophet-v1.0,2026-02-16 07:10:13.100849+00
f5fb9ecf-23aa-45ad-8031-9dfceaad5091,2026-02-16,2025-07-30,0,0,0,prophet-v1.0,2026-02-16 07:10:13.100849+00
f6318c7a-42f9-468c-add8-a5086a1f8efe,2026-02-16,2025-07-31,0,0,0,prophet-v1.0,2026-02-16 07:10:13.100849+00
f65ada4c-f594-4fbe-8d63-671061c7cca9,2026-02-16,2025-06-05,0,0,0,prophet-v1.0,2026-02-16 07:10:13.100849+00
f69c1f4c-6aab-45ef-93b3-980c0f22a53c,2026-02-16,2025-03-05,0,0,33,prophet-v1.0,2026-02-16 07:10:13.100849+00
f757a1e1-6213-488a-a08f-1eb16346dacd,2026-02-16,2025-08-12,0,0,0,prophet-v1.0,2026-02-16 07:10:13.100849+00
f813887d-0929-4974-bd8f-f27101b7e466,2026-02-16,2025-06-16,0,0,0,prophet-v1.0,2026-02-16 07:10:13.100849+00
fa867489-5158-4d6f-9714-cfb8b268a182,2026-02-16,2025-12-23,0,0,15,prophet-v1.0,2026-02-16 07:10:13.100849+00
fab7855d-06e7-403a-ad17-3ac5a89b2cd7,2026-02-16,2025-12-06,0,0,0,prophet-v1.0,2026-02-16 07:10:13.100849+00
faba9ebf-946c-4fd6-8e1f-808366647929,2026-02-16,2025-03-12,0,0,51,prophet-v1.0,2026-02-16 07:10:13.100849+00
fae094de-092f-4258-8fea-694aed37aa87,2026-02-16,2025-08-06,0,0,0,prophet-v1.0,2026-02-16 07:10:13.100849+00
fafa8e54-cb8a-4a14-af4d-ef613f138443,2026-02-16,2025-09-18,0,0,4,prophet-v1.0,2026-02-16 07:10:13.100849+00
fb8e9d79-988d-4925-91ff-47f01f2168c5,2026-02-16,2025-01-10,0,0,8,prophet-v1.0,2026-02-16 07:10:13.100849+00
fc956199-25c4-4c15-85b8-d15369ec98d9,2026-02-16,2025-09-28,0,0,0,prophet-v1.0,2026-02-16 07:10:13.100849+00
fd7490a1-e069-40d6-bc2a-b4817b6e0d14,2026-02-16,2025-05-27,0,0,0,prophet-v1.0,2026-02-16 07:10:13.100849+00
fe7d8c21-dfa5-4ff2-b603-ed9fa965751e,2026-02-16,2025-01-07,0,0,20,prophet-v1.0,2026-02-16 07:10:13.100849+00